-- MySQL dump 10.13  Distrib 5.7.17, for Win64 (x86_64)
--
-- Host: 127.0.0.1    Database: agronepal
-- ------------------------------------------------------
-- Server version	5.5.5-10.1.21-MariaDB

/*!40101 SET @OLD_CHARACTER_SET_CLIENT=@@CHARACTER_SET_CLIENT */;
/*!40101 SET @OLD_CHARACTER_SET_RESULTS=@@CHARACTER_SET_RESULTS */;
/*!40101 SET @OLD_COLLATION_CONNECTION=@@COLLATION_CONNECTION */;
/*!40101 SET NAMES utf8 */;
/*!40103 SET @OLD_TIME_ZONE=@@TIME_ZONE */;
/*!40103 SET TIME_ZONE='+00:00' */;
/*!40014 SET @OLD_UNIQUE_CHECKS=@@UNIQUE_CHECKS, UNIQUE_CHECKS=0 */;
/*!40014 SET @OLD_FOREIGN_KEY_CHECKS=@@FOREIGN_KEY_CHECKS, FOREIGN_KEY_CHECKS=0 */;
/*!40101 SET @OLD_SQL_MODE=@@SQL_MODE, SQL_MODE='NO_AUTO_VALUE_ON_ZERO' */;
/*!40111 SET @OLD_SQL_NOTES=@@SQL_NOTES, SQL_NOTES=0 */;

--
-- Table structure for table `tbl_login`
--

DROP TABLE IF EXISTS `tbl_login`;
/*!40101 SET @saved_cs_client     = @@character_set_client */;
/*!40101 SET character_set_client = utf8 */;
CREATE TABLE `tbl_login` (
  `log_id` bigint(20) NOT NULL AUTO_INCREMENT,
  `log_username` varchar(225) COLLATE utf8_unicode_ci DEFAULT NULL,
  `log_password` varchar(225) COLLATE utf8_unicode_ci DEFAULT NULL,
  PRIMARY KEY (`log_id`)
) ENGINE=InnoDB AUTO_INCREMENT=2 DEFAULT CHARSET=utf8 COLLATE=utf8_unicode_ci;
/*!40101 SET character_set_client = @saved_cs_client */;

--
-- Dumping data for table `tbl_login`
--

LOCK TABLES `tbl_login` WRITE;
/*!40000 ALTER TABLE `tbl_login` DISABLE KEYS */;
INSERT INTO `tbl_login` VALUES (1,'admin','admin');
/*!40000 ALTER TABLE `tbl_login` ENABLE KEYS */;
UNLOCK TABLES;

--
-- Table structure for table `tbl_mediator`
--

DROP TABLE IF EXISTS `tbl_mediator`;
/*!40101 SET @saved_cs_client     = @@character_set_client */;
/*!40101 SET character_set_client = utf8 */;
CREATE TABLE `tbl_mediator` (
  `med_id` bigint(20) NOT NULL AUTO_INCREMENT,
  `med_reg_id` int(11) NOT NULL,
  `med_name` varchar(225) COLLATE utf8_unicode_ci DEFAULT NULL,
  `med_address` varchar(225) COLLATE utf8_unicode_ci DEFAULT NULL,
  `med_contact` varchar(45) COLLATE utf8_unicode_ci DEFAULT NULL,
  PRIMARY KEY (`med_id`),
  KEY `fk_tbl_mediator_tbl_region1_idx` (`med_reg_id`),
  CONSTRAINT `FKaaq71v196u88wepbxhbvxo1i` FOREIGN KEY (`med_reg_id`) REFERENCES `tbl_region` (`reg_id`),
  CONSTRAINT `fk_tbl_mediator_tbl_region1` FOREIGN KEY (`med_reg_id`) REFERENCES `tbl_region` (`reg_id`) ON DELETE CASCADE ON UPDATE NO ACTION
) ENGINE=InnoDB AUTO_INCREMENT=8 DEFAULT CHARSET=utf8 COLLATE=utf8_unicode_ci;
/*!40101 SET character_set_client = @saved_cs_client */;

--
-- Dumping data for table `tbl_mediator`
--

LOCK TABLES `tbl_mediator` WRITE;
/*!40000 ALTER TABLE `tbl_mediator` DISABLE KEYS */;
INSERT INTO `tbl_mediator` VALUES (1,1,'दिप बोलखे','मुक्तिनाथ 3,  मनाङ','9846121315'),(2,1,'हेमन्त गुरुङ','नम्चेबजर 9,  सोलिख्हुम्बु','9846100025'),(3,2,'श्रीजल शाक्य','लगन टोल 21, काठमाडौं,  नेपाल','9849719477'),(4,2,'विश्व रन्जित','पुलिस चौकी, बालाजु २, काठमाडौं, नेपाल','9808156621'),(5,3,'अरुण अर्यल','सिमेन्त रोड २, पसुपतिनगर हेटौंडा ९, मक्वन्पुर, नेपाल','9860195641'),(6,3,'निरज कटुवाल','आदर्शमार्ग, कोङ्रेस्स्चोक नारायणगद ११, चितवन, नेपाल','9863112546'),(7,2,'रमेश कफ्ले','हकिमचोक, नारायणगद ११, चितवन, नेपाल','9851156310');
/*!40000 ALTER TABLE `tbl_mediator` ENABLE KEYS */;
UNLOCK TABLES;

--
-- Table structure for table `tbl_product`
--

DROP TABLE IF EXISTS `tbl_product`;
/*!40101 SET @saved_cs_client     = @@character_set_client */;
/*!40101 SET character_set_client = utf8 */;
CREATE TABLE `tbl_product` (
  `prod_id` bigint(20) NOT NULL AUTO_INCREMENT,
  `prod_reg_id` int(11) NOT NULL,
  `prod_name` varchar(225) COLLATE utf8_unicode_ci DEFAULT NULL,
  `prod_decription` longtext COLLATE utf8_unicode_ci,
  `prod_requirement` longtext COLLATE utf8_unicode_ci,
  `prod_procedure` longtext COLLATE utf8_unicode_ci,
  PRIMARY KEY (`prod_id`),
  KEY `fk_table1_tbl_region_idx` (`prod_reg_id`),
  CONSTRAINT `FK50dc37m3lk06eg7j92s4rweyl` FOREIGN KEY (`prod_reg_id`) REFERENCES `tbl_region` (`reg_id`),
  CONSTRAINT `fk_table1_tbl_region` FOREIGN KEY (`prod_reg_id`) REFERENCES `tbl_region` (`reg_id`) ON DELETE CASCADE ON UPDATE NO ACTION
) ENGINE=InnoDB AUTO_INCREMENT=7 DEFAULT CHARSET=utf8 COLLATE=utf8_unicode_ci;
/*!40101 SET character_set_client = @saved_cs_client */;

--
-- Dumping data for table `tbl_product`
--

LOCK TABLES `tbl_product` WRITE;
/*!40000 ALTER TABLE `tbl_product` DISABLE KEYS */;
INSERT INTO `tbl_product` VALUES (1,3,'गहुँ','गहुँ एक अनाज अनाज जो विश्वव्यापी देइनिक्न जसो खाइने भोजन हो| गेहूं कार्बोहाइड्रेटहरूको एक महत्वपूर्ण स्रोत हो।  विश्वव्यापी रूपमा, यो मानव भोजन मा प्रोटीन को एक प्रमुख स्रोत हो|','बिउ \\n ट्याक्टर \\n कोम्पोसे मल् \\n रासायानिक मल् \\n पानी','तपाईंसँग कति ठाउँको निर्धारण गर्नुहोस्। \\n गहुँको प्रकार निर्धारण गर्नुहोस् | \\n जमिन जोत्नुहोस  र माटो तयार पार्नुहोस \\n यदि आवश्यक भए कम्पास, रासायानिक मल फैल्नुहोस्। \\n बीउ फैलाउनुहोस्। \\n माटोको पातलो तहले बिउ छोप्नुहोस| \\n ज मि न सुख्खा भएमा पानीले सिचाई गर्नुहोस|'),(2,2,'आलु','आलु संसारका थुप्रै भागहरूमा स्थिर भोजन र विश्वकै सबैभन्दा धेरै खाद्य आपूर्तिको अभिन्न भाग भएको छ|','बिउ \\n ट्याक्टर \\n कोम्पोसे मल् \\n रासायानिक मल् \\n पानी','जमिन जोत्नुहोस  र माटो तयार पार्नुहोस \\n यदि आवश्यक भए कम्पास, रासायानिक मल फैल्नुहोस्।  \\n आलुलाई लगभग चौथाईमा टुक्रा बनाउनुहोस् \\n आलुहरू पङ्क्तिमा 12 इन्च अलग र लगभग 4 इन्चमा रोप्न सकिन्छ \\n ज मि न सुख्खा भएमा सिचाइ  गर्नुहोस्| \\n आवस्यक परेमा कीटनाशक प्रयोग गर्नुहोस'),(3,1,'स्याउ','एप्पल (मालुस प्युमिला) व्यापारिक रूपमा सबैभन्दा महत्त्वपूर्ण स्वस्थ फलफूल फल हो र केला, नारंगी र अंगूर पछि संसारको सबैभन्दा व्यापक उत्पादन गरिएको फल हो। चीन संसारमा सबैभन्दा ठूलो सेब उत्पादनको देश हो।','बिउ \\n ट्याक्टर \\n कोम्पोसे मल् \\n रासायानिक मल् \\n पानी','•	तपाईंको स्याउको रूख रोप्नुअघि माटो परीक्षण लिनुहोस्। तपाईंको स्थानीय सहकारी विस्तार सेवालेतपाईंलाई मिट्टीको नमूना एकत्र गर्न निर्देशन दिन्छ, परिणामहरू व्याख्या गर्न मद्दत गर्दछ र तपाईंको काउन्टीमा मिट्टीको बारेमा बहुमूल्य जानकारी प्रदान गर्दछ। माटो परीक्षणबाट परिणामहरू मिट्टीको संशोधनले पोषक तत्वको कमीलाई सही गर्न र मिट्टी पीएच समायोजन गर्न आवश्यक छ भनेर निर्धारण गर्नेछ। संशोधनलाई 12 देखि 18 इन्चको गहिराइमा मिट्टीमा काम गर्नु पर्छ जहाँ रूख जरा हुनेछ, न केवल रोपण छेद। \\n एप्पलका रूखहरू राम्ररी चिसो मिट्टी चाहिन्छ, केही पनि गीला छैन। मृदा मध्यम समृद्ध हुनु पर्छ र नमी को साथ साथै हवाई को आवश्यकता हो; माटोको चिसो राख्न को लागी घाँटी, घाँस, वा केहि अन्य कार्बनिक सामाग्री संग मसला र पोषक तत्वहरु को रूप मा वेड को रूप मा प्रदान गर्न को लागि। \\n धूप साइट छान्नुहोस्। उत्तम फलफूलको लागि, एक सेबको रूखलाई \"पूर्ण सूर्यको प्रकाश\" चाहिन्छ, जसको मतलब हरेक दिन प्रत्यक्ष गर्मीको सूर्य छ। स्याउको लागि उत्तम एक्सपोजर उत्तर- वा पूर्व-सामना ढलान हो। \\n रूख स्पेसिंग रूटस्टॉक, मिट्टी प्रजनन र प्रिंङ द्वारा प्रभावित हुन्छ। सीडलिङ वा पूर्ण-आकारका रूखहरू पङ्क्तिमा 15 देखि 18 फिटसम्म रोप्न सकिन्छ। एउटा भित्री रूटस्ट्रक एक पङ्क्तिमा 4 देखि 8 फिट हुन सक्दछ। \\n बौने सेबको रूखहरू एक भारी फसलको वजनमा उडाउन अपमानजनक रूपमा प्रवद्रित हुन्छन्, त्यसैले तपाईंले आफ्नो हेजको लागि समर्थन प्रणाली प्रदान गर्नुपर्छ। तपाईं आफ्नो पेडहरू बाड़को बिरुद्ध बढ्न सक्नुहुन्छ, वा तपाईं ट्रेलिसको रूपमा निःशुल्क खडा समर्थन प्रदान गर्न सक्नुहुनेछ। \\n निश्चित गर्नुहोस् कि रूख \"ठीरो जेब\" मा रोपेको छैन जहाँ ठुलो हावा कम स्थानिय क्षेत्रहरूमा बसाइन्छ। यदि सम्भव भए पर्चीको साथ एक उच्च साइट छान्नुहोस् ताकि ठुलो हावा रूखबाट टाढा जानेछ। \\n पेडी क्षेत्रहरू वा रूखहरू नजिकैको रूख रोप्नुहोस्। \\n रोपण गर्नु अघि, सबै घास र घाँस 4-फुट व्यास सर्कलमा हटाउनुहोस्। \\n तपाईंले रूख खरिद गरेपछि, चोट, सुत्न, ठिलो, वा ओभरहेटिंग बाट सुरक्षित राख्नुहोस्। यदि जडहरू सुकेको छ भने, तिनीहरूलाई रोपण गर्नु 24 घन्टाअघि पानीमा लिनुहोस् \\n एक प्वाइल रूट प्रणालीको व्यास लगभग दुई पटक र 2 फिट गहिरो खोल्नुहोस्। केही ढीलो माटोलाई छेदमा फिर्ता राख्नुहोस् र रोपण को छेद को पर्खालहरुमा माटो को ढोका ताकि जडहरु सजिलै माटो घुस सकते हो। रूख जडहरू छोटो माटोमा फैलाउनुहोस्, यकीन गर्नुहोस् कि तिनीहरू घुमाउरो वा छेदमा भीड गर्दैनन्। जड वरपरको माटोलाई बदल्न जारी राख्नुहोस्। तपाईं जडहरू समात्न सुरु गर्नुहुँदा, मिट्टीलाई स्थिर राख्नु जरुरी छ कि जरा घेरिएको छ र हावा जेबहरू हटाउन। \\n रोपण समय मा उर्वरक नबनाउनुहोस्, किनकि जडहरू \"जलाइएको\" हुन सक्छ। ढीलो माटोसँग बाँकी छेद भर्नुहोस्, र मिट्टी थिच्नुहोस्। \\n अधिकतर स्याउको रूखहरू फुट्छन्। ड्राफ्ट संघ कम से कम 2 इन्च माटो रेखा भन्दा कम हुनु पर्छ ताकि जडहरु शेर देखि उभरने छैन। शिल्प युनियन (जहाँ डराउने रूटस्टकमा संलग्न छ) जुन जंक्शनमा सुँगुरद्वारा पहिचान गर्न सकिन्छ।'),(4,3,'बादाम','स्वादिष्ट, पौष्टिक बादाम बादामको रूखको फलबाट आउँछ, जुन मध्य पूर्व र दक्षिण एशियाको मूल निवासी छ र आचरण, स्वस्थ र अन्य पत्थर फलको रूख सम्बन्धी सम्बन्ध राखिन्छ। बादमा राम्रो फलफूल वा उचित हेरविचार प्रविधि बिना, बादाम पेडहरू बाँच्नको लागि संघर्ष गर्न सक्दछ, फलफूल मात्र फलफूल हुन सक्छ।','बिउ \\n ट्याक्टर \\n कोम्पोसे मल् \\n रासायानिक मल् \\n पानी','निश्चित गर्नुहोस् कि तपाइँको क्षेत्रमा उचित बादाम बढ्दो अवस्थाहरू छन्। \\n खरिदहरू बीज वा बिरुवाहरू। \\n रूखको लागि चिसो स्थान छान्नुहोस्। \\n प्रत्यारोपण ब्रेक। \\n पानी उदारता। \\n वसन्तमा उर्लियो। \\n प्रारम्भिक जाडोमा प्र्यून। \\n प्रारम्भिक जाडोमा प्र्यून। \\n फलको अपेक्षा 5 वर्ष अघि पर्खनुहोस्। \\n एक भिन्नताको रूपमा रूखमा विभिन्न विविधताहरू खरिद गर्नुहोस्। \\n पकाउँदा बादाम हार्नुहोस्। \\n जड घुमाउनको लागि थप पानीमा जोगाउनुहोस्। \\n राम्रो घाँस नियन्त्रण गर्नुहोस्। \\n नेभिरा नारंगीबाट लड्नको लागि मुग्धबाट मुक्त पेड राख्नुहोस्। \\n पीच ट्विग बोरर्सका लागि बेसिलस thuringiensis स्प्रे प्रयोग गर्नुहोस्। '),(5,2,'कालीफ्लावर ','कालीफ्लावर एक बहुमुखी सब्जी हो जुन सूप, स्टड, हलचल-फ्रिजमा मजा लिन सकिन्छ, भत्किलो सब्जीको रूपमा, सलादमा वा यसको आफ्नै मा। तथापि, यो बिरुवा एक स्वभाविक हो, सावधान हेरविचार र हेरविचारको स्वादिष्ट उत्पादन उत्पादन गर्न आवश्यक छ।','बिउ \\n ट्याक्टर \\n कोम्पोसे मल् \\n रासायानिक मल् \\n पानी','•	प्रत्येक बीउ आफ्नै पाट वा कागज कपमा रोप्नुहोस्। बायोड्रोड्रेडयोग्य कंटेनरले तपाईंलाई बङ्गलादेशको जडलाई हानिकारक बिना हानिकारक बान्तामा \"बिरुवा\" दिन्छ।  \\n 1 / 4-1 / 2 इन्च (0.6-1.25 सेन्टिमिटर) गहिराइको बारे मा बीउ थिच्नुहोस् र यसलाई गहिरो बनाउनुहोस्। \\n पानी नियमित रूपमा त मिट्टी नमी हुन्छ तर पानी लगाइदैन। \\n चिसो मौसममा, गहिराई प्लेटबाट तल गर्मीको साथ 70 डिग्री एफ (21 डिग्री सेल्सियस) माटोलाई माटो राख्नुहोस्।  \\n यदि तपाईंले आफ्नो बीजलाई सिधै बगैंचामा रोप्नु पर्छ भने ती 3 देखि 6 इन्च (7.5 देखि 15 सेन्टिमिटर) सम्मका पङ्क्तिहरूमा रोप्नुहोस्। '),(6,1,'पीच','पीचका रूखहरू छिटो फलफूलका रूखहरू हुन् जुन गहिरो देखिन्छन् जब 3-4 देखि 4 बर्षको उमेरमा फलहरू उत्पादन गर्दछ। तथापि, अधिकांश बागानहरू एक व्यावहारिक रूखमा साना, कमजोर ज्वरो बढाउने प्रयास नगरी नर्सरी वा रूख खेतीबाट जवान रूखहरू खरिद गर्न चाहन्छन्। ','बिउ \\n ट्याक्टर \\n कोम्पोसे मल् \\n रासायानिक मल् \\n पानी','एक नर्सरी वा रूख खेतमा जवान पीच रूख खरिद गर्नुहोस्। \\n यदि तपाईं चिसो वातावरणमा बस्नुहुन्छ भने, आफ्नो पीच प्रकारको सावधानीपूर्वक चयन गर्नुहोस्। \\n तपाईंको रूखलाई वसन्तमा पुर्याउन उद्देश्य। \\n आचरणको रूख रोपण गर्न क्षेत्र चयन गर्नुहोस्। \\n आचरणको रूख रोपण गर्न क्षेत्र चयन गर्नुहोस्। \\n जमीन को एक भाग को तैयार गर्नुहोस कि व्यास मा 5 फीट (1.5 मीटर) या अधिक छ। \\n पिट मेस र कार्बनिक पदार्थ जस्तै मिट्टी तयार गर्नुहोस्। \\n तयार पारेको माटोको बीचमा तपाईंको आचरणको रूख रोप्नुहोस्। \\n तपाईंको आचरणको रूखको हेरचाह प्रत्येक दिनको आक्रोशको पेटी जाँच गर्नुहोस् \\n तपाईंको हड्डीको रूखमा हल्का कीटनाशकलाई एक हप्ता पछि लाग्नको लागी कीरा र रोगलाई हानिकारक बनाउनुहोस्। \\n तपाईंको रूखलाई प्रहार गर्नुहोस्। \\n फललाई पखाल्नुहोस्। \\n फलफूल जब परिपक्व र परिपक्व हुन्छन्। ');
/*!40000 ALTER TABLE `tbl_product` ENABLE KEYS */;
UNLOCK TABLES;

--
-- Table structure for table `tbl_profile`
--

DROP TABLE IF EXISTS `tbl_profile`;
/*!40101 SET @saved_cs_client     = @@character_set_client */;
/*!40101 SET character_set_client = utf8 */;
CREATE TABLE `tbl_profile` (
  `prof_id` bigint(20) NOT NULL AUTO_INCREMENT,
  `prof_name` varchar(225) COLLATE utf8_unicode_ci DEFAULT NULL,
  `prof_address` varchar(255) COLLATE utf8_unicode_ci DEFAULT NULL,
  `prof_description` longtext COLLATE utf8_unicode_ci,
  `topic` text COLLATE utf8_unicode_ci,
  PRIMARY KEY (`prof_id`)
) ENGINE=InnoDB AUTO_INCREMENT=6 DEFAULT CHARSET=utf8 COLLATE=utf8_unicode_ci;
/*!40101 SET character_set_client = @saved_cs_client */;

--
-- Dumping data for table `tbl_profile`
--

LOCK TABLES `tbl_profile` WRITE;
/*!40000 ALTER TABLE `tbl_profile` DISABLE KEYS */;
INSERT INTO `tbl_profile` VALUES (1,'पे्रमबहादुर खड्का','इलाम-सुर्योदय नगरपालिका ९ गहिरी ','इलाम-सुर्योदय नगरपालिका ९ गहिरी गाउँका पे्रमबहादुर खड्काले गत वर्ष १३ लाखको स्कुस बिक्री गरे।  यस वर्ष मौसम अनुकूल नभए पनि ६ लाखको स्कुस बिक्री गरिसकेको उनले बताए । ‘मौसम अनुकूल भएको भए पोहोर भन्दा बढी आम्दानी हुने थियो\', उनले भने। खड्काले १५ रोपनी जमिनमा स्कुस लगाएका छन्। एक लाख ५० हजार खर्च गरेर माच बनाएका उनले पहिलो टिपाइमै लगानी उठेको बताए। एउटा गाई, केही बाछाबाछी पालेका प्रेमले आफूलाई खान पुग्ने चिया समेत रोपेका छन्। \\nउनले भने \'मेरो खेतीपाती नै यत्ति हो।\' एक टिपाइमा एक सय ५० मनसम्म उत्पादन हुने स्कुसको मूल्य सुरुमा प्रतिमन (४० किलोको) एक हजार पाइन्छ। अन्तिम सिजनमा प्रति मन तीन सयसम्म हुने गरेको उनले जानकारी दिए। झापाको चारआली, विर्तामोड, इलामको नेपाल-भारत सीमाको बजार हिलेसम्म पर्‍याएर उनले आफ्नो र गाउँलेकोसमेत स्कुस बिक्री गर्ने गरेका छन् । स्कुस मःम र तरकारीको रूपमा प्रयोग हुने गरेको छ। \\nकिसानको तरकारी खरिद गरेर बजारमा पुर्‍याउने पेसामा आठ वर्ष विताएका प्रेमले चार वर्षदेखि आफै खेती गर्न थालेका हुन्। उनले स्कुसकै कमाइबाट पाँच रोपनी जमिन, एउटा घर र पिकअप गाडी जोडेका छन्। ‘यसअघि ६ जनाको परिवारलाई खान मुस्किल हुन्थ्यो’, प्रेमले भने, ‘पुग्न त कसलाई पुगेको छ र ? तर पनि अहिले आनन्द छ।\' उनले गाउँका बेरोजगार युवालार्य घोडा खरिद गरिदिएका छन् । ती युवाले गाउँगाउँबाट स्कुस संकलन गरिदिने गरेका छन्। उनले विगत सम्झिए, ‘चिया, आलु लगाए घाटै मात्र हुन्थ्यो।\' स्कुस लगाउन थालेपछि उनलाई यो जस्तो खुशीको खेती अन्य छैन भन्ने परेको छ। गाउँभरि चिया लगाए पनि उनले भने घरमा आफैलाई खान पुग्ने मात्र चिया लगाएका छन्।\\nजेठदेखि कार्तिकसम्म स्कुसमै व्यस्त हुने उनलाई श्रमको मोल उठाउने खेती समातेकोमा ढुक्क भएको छ।गहिरी गाउँका एक सय परिवारको स्कुस खरिद गर्ने प्रेमका अनुसार प्रत्येक घरले ६० हजार भन्दा बढीको स्कुस बिक्री गर्ने गरेका छन्। रोग नदेखिएको बाली भएकाले किसानको चासो स्कुसतर्फ बढेको किसान अलैंची विकास सहकारीका अध्यक्ष तारानिधि दुलालले बताए।','स्कुस बेचेर लखपति'),(2,'कबहादुर पाइजापुन','क्याङ ४','आश्विन १७, २०७२- क्याङ ४ का टेकबहादुर पाइजापुनले १२ रोपनी जमिनमा पुस्तौंदेखि कोदो खेती गर्दै आएका थिए। दुई महिनासम्म कठिन परिश्रम गर्दा १९ मुरी फल्थ्यो। तीन वर्षअघि उनले एक रोपनीमा परीक्षणका रूपमा भुइँस्याउ रोपे। तीन दिन रोपेको एक रोपनी बारीको भुइँस्याउले दुई महिना दु:ख गरेर उत्पादन हुने कोदोको भन्दा दोब्बर आम्दानी दिएपछि दंग परे।','कोदो मासेर भुइँस्याउ खेती'),(3,'दीपेन्द्र मैनाली','सर्लाही','सर्लाही– ‘आफू कामदार आफै मालिक’ बन्ने अठोट लिएर २ वर्षअघि काठमाडौंबाट जागिर छाडी गाउँ फर्किएर कृषि कर्ममा लागेका दीपेन्द्र मैनाली अहिले दङ्ग छन् । सर्लाहीको राजघाटमा जयकाली एग्रिकल्चरको नाम राखेर उनले सञ्चालन गरेको कृषि फार्ममा सिर्जना जातका गोडभेंडाले मनग्यै उत्पादन दिएपछि उनमा खुसीको सीमा नै बढेको छ।\\n‘एउटै झुप्पामा ६२ दानासम्म, एउटा बोटमा १५ केजीसम्म र एउटै दाना ७ सय ग्रामसम्मका गोलभेंडा पनि फले,’ खुसीको कारण बताउँदै दीपेन्द्र भन्छन्, ‘अग्र्यानिक गोलभेंडा भएकोले प्रतिकेजी ३० रुैपयाँदेखि ६० रुपैयाँसम्ममा बिक्यो।’ आफ्नो कामको मालिक बन्ने अठोट पूरा हुँदै गएपछि दीपेन्द्र विगतका दिनहरु स्मरण गर्छन् । ‘त्यतिबेला हिम्मत गरेर गाउँ नफर्किदो हुँ त अहिले काठमाडौं खाल्डोमै मालिक र भूकम्पका कारण हल्लिरहेको हुन्थें,’ उनी भन्छन्, ‘रोजी रोटीकै लागि कहिले यो कम्पनी त कहिले ऊ कम्पनी गर्दै काठमाडौंमै हल्लिरहेको हुन्थें ।’\\nमहाभूकम्पपछि काठमाडौं खाल्डोमा बस्दै आएका निम्न तथा निम्नमध्यम आर्थिक अवस्थाका व्यक्तिलाई रोजीरोटी जुटाउनै समस्या भएको समाचार सुन्दा दीपेन्द्र आफूलाई धन्य सम्झिन्छन् ।  ‘राज्यले अलिकति पनि सचेत भएर विकेन्द्रीकरणको नीति कार्यान्वय गरिदिएको भए काठमाडौं खाल्डो र यसकै वरीपरिमात्रै मान्छे झुम्मिने थिएनन्,’ स्नातक तहसम्मको पढाइ पूरा गरेका दीपेन्द्र भन्छन्, ‘युवाहरुलाई खाडीको रोजगारीमा नपठाइ आधुनिक कृषितर्फ लगाउन सकेको भए शहरमा मात्रै झुम्मिएर बस्ने थिएनन्।’\\nकाठमाडौंको एउटा कम्पनीमा जागिर खाँदा ताका दीपेन्द्रले मासिक २१ हजार रुपैयाँसम्म कमाउँथे। परिवारको जेठो सन्तान भएको नाताले आमाबाबा र भाईबहिनीप्रतिको आफ्नो जिम्मेवारी पूरा गर्न त्यो कमाइले उनलाई छोप पनि नलग्ने भयो। त्यति पैसा त आफ्नै गाउँमा परिवारसँगै बसेर पनि कमाउन सकिन्छ भन्ने बुझेपछि उनी गाउँ फर्किए। बाँझो बसेको आफ्नै जमीनलाई खनजोत गरी त्यहीं पसिना बगाउने र व्यवसायिक कृषि फार्म गर्ने लक्ष्यका साथ उनले मासिक २१ हजार रुपैयाँको जागिर चटक्कै छोडेर गाउँ आए।\\nकाठमाडौंमा रहँदा केही समय उनले विभिन्न कृषि फार्महरुमा पनि काम गरेका थिए। त्यही अनुभव र सीपलाई आफ्नै फार्ममा लगाउने उनको सोच थियो। फार्म शुरु गर्नु र त्यसलाई सफल बनाउनु उनलाई चुनौतीपूर्ण काम थियो । तर, नआत्तिकन, हरेस नखाइकन सम्हालिएर कृषि कर्म गर्दै जाँदा उनी सफल भए। फार्ममा उनले रोपेका गोलभेंडा औषतभन्दा बढी नै फलेको छ। फार्म खेती विस्तार गर्दै उनले ग्रिन हाउस(टनेल)को आवश्यता नपर्ने अन्य तरकारी पनि उनले रोपेका छन्। अग्र्यानिक तरकारीको उत्पादन निकै राम्रो भएको उनी सुनाउँछन्। ‘अग्र्यानिक तरकारी खेतीका लागि अग्र्यानिक मल र मेहनत चाहिने रहेछ,’ दीपेन्द्र भन्छन्, ‘यहाँ जति उत्पादन लिइरहेको छु, त्यति काठमाडौंका फार्महरुले लिन सकेका छैनन्।’','सर्लाहीका युवाले फलाए एकै झुप्पामा ६२ दाना गोलभेंडा'),(4,'मथुरा ढकाल','रामपुर पाल्पा','रामपुर (पाल्पा), जेठ ११ गते । कृषि पेसामा लाग्ने महिलाको सङ्ख्या पुरुषको तुलनामा कम छैन । घरभित्रकै काममा सीमित रहने महिलाको आर्थिक अवस्था कमजोर छ । उनीहरू श्रीमान् र घरपरिवारमाथि निर्भर रहने गरेका छन् ।\\nसधैँ घरधन्दा मात्र ग¥यो, बालबच्चा हुर्कायो बस्यो, केही पैसा चाहियो भने श्रीमान्प्रति निर्भर हुनुपर्दा एकदमै दुःख लाग्ने गरेको महिलाहरू बताउँछन् । रामपुर नगरपालिकाका महिला भने हिजोआज व्यावसायिक रुपमै कृषिमा लाग्न थालेका छन् ।\\n“पढेको छैन, अरु पेसा पनि केही छैन, छोराछोरीलाई पालनपोषण र पढाउनै प¥यो, घर व्यवहार चलाउनुप¥यो, अरु उपाय केही छैन्, कृषि व्यवसायमाथी निर्भर रहनु परेको छ” मथुरा ढकालले भन्नुभयो । घरभित्रको काममा मात्र सीमित भएर हुँदैन भन्ने लागेपछि उनी अहिले कृषि व्यवसाय गर्न थालेकी हुन । उहाँले करिब साढे चार रोपनी जग्गामा मौसमी तथा बेमौसमी जातका तरकारी लगाएर घर व्यवहार चलाउँदै आउनुभएको छ ।\\nतरकारी व्यवसायबाट एक छोरीलाई तानसेनको एक क्याम्पसमा र छोरालाई घरनजिकैको सहिद बहुमुखी क्याम्पसमा स्नातक तह पढाइरहेको उहाँले बताउनुभयो । “छोराछोरीलाई क्याम्पस पढाउन सक्ने अवस्था थिएन, यही तरकारी व्यवसाय गरेर दुःख सुखका साथ पढाइरहेकी छु” उहाँले भन्नुभयो । तरकारी बेचेरै भए पनि पढाउला नि भन्ने आँट गरेर छोराछोरीलाई क्याम्पस भर्ना गरेको उहाँको भनाइ छ ।\\nअहिले काँक्रा, घिरौला, करेला, गोलभेँडा, खुर्सानी, फर्सी जातका तरकारीको उत्पादन गर्दै आउनुभएको छ । व्यापारी तरकारी खरिद गर्न घरमै आउने गरेको उहाँले बताउनुभयो ।\\nढकालको कार्यको सिको छिमेकी महिलाले समेत गर्न थालेका छन् । छिमेकी विष्णु पोखरेलले पनि विभिन्न जातका तरकारी उत्पादन गरेर घर व्यवहार चलाउँदै आउनुभएको छ । पोखरेलले पनि तरकारी बेचेर छोराछोरीलाई शिक्षा दिनुभएको छ । उहाँ भन्नुहुन्छ “छोराछोरीलाई कापी, कलम, किताब, मासिक शुल्क, घर व्यवहार राम्ररी चलेको छ” उहाँले भन्नुभयो । उहाँले छोराछोरीलाई निजी स्कुलमा भर्ना गर्नुभएको छ ।\\nसोही ठाउँ बस्ने लक्ष्मी पाण्डेले पनि तरकारी बेचेर पाल्पा सदरमुकाम तानसेनको एक क्याम्पसमा छोरालाई आइएस्सी पढाइरहनु भएको छ । उहाँ भन्नुहुन्छ, “श्रीमान् विदेशमा हुनुहुन्छ, मैले तरकारी लगाएर घर व्यवहार चलाएकी छु, छोराछोरीलाई समेत पढाउन सहयोग पुगेको छ ।”','तरकारी बेचेर छोराछोरीलाई पढाउँदै'),(5,'डिल्लीराम उप्रती ','मेचीनगर नगरपालिका–९ मागुरमाडी','झापा। झापाको मेचीनगर नगरपालिका–९ मागुरमाडीका डिल्लीराम उप्रती कागती बेचेरै करोडपति बन्नुभएको छ ।नौ वर्षसम्म विदेशमा श्रम र पसिना बगाएर नेपाल फर्कनुभएका उप्रेतीले आफ्नो डेढ बिगाह जमिनमध्ये एक बिगाहमा लगाएको कागती बेचेरै करोडपति बन्नुभएको हो । उहाँले अहिले वार्षिक रु २० लाखभन्दा बढी आम्दानी गर्न थाल्नुभएको छ । २०६९ सालबाट कागतीखेती शुरु गर्नुभएका उप्रेतीले अहिले कागतीका दानासँगै बिरुवा उत्पादन पनि गर्न थाल्नुभएको छ ।\\nबिरुवा उत्पादनको शैली र उन्नत जातका बिरुवा पनि सरल प्रविधिबाट उत्पादन गर्दै थोरै ठाउँमा मनग्ये आम्दानी गर्न सकिने उदाहरण प्रस्तुत गर्नुभएका उप्रेती अहिले मेहनती कृषकका रुपमा झापामा परिचत हुनुहुन्छ । उहाँले कृषि कर्मसँगै निजी वनको संरक्षण, सम्बद्र्धन र जैविक विविधतामा पु¥याएको योगदानस्वरुप यस वर्षको निजी वन राष्ट्रिय पुरस्कार समेत प्राप्त गर्नुभएको छ ।\\nरु डेढ लाखको लगानीमा कृषि कर्म शुरु गर्नुभएका उप्रेतीले कृषि फर्म सञ्चालन गर्दै अहिले आफ्नो कारोबार करोडमाथि पु¥याएको बताउनुभएको छ । उहाँले पाँच कट्ठा क्षेत्रफलमा विभिन्न प्रजातिका बिरुवा समेत लगाउनुभएको छ ।\\nडेढ बिगाहा काँशघारी किनेर कागतीका बिरुवा रोपेर त्यसैलाई मलजल गर्दै आम्दानी लिन शुरु गर्नुभएका उप्रेतीले अहिले वार्षिक डेढदेखि दुई लाख कागतीका दाना बिक्री गर्नुहुन्छ । उहाँको आम्दानीको मुख्य स्रोत कागती नै हो । कागती बेचेरै आफू पाँच वर्षमा करोडपति भएको उहाँले सुनाउनुभयो ।','कागती बेचेर पाँच वर्षमा करोडपति');
/*!40000 ALTER TABLE `tbl_profile` ENABLE KEYS */;
UNLOCK TABLES;

--
-- Table structure for table `tbl_region`
--

DROP TABLE IF EXISTS `tbl_region`;
/*!40101 SET @saved_cs_client     = @@character_set_client */;
/*!40101 SET character_set_client = utf8 */;
CREATE TABLE `tbl_region` (
  `reg_id` int(11) NOT NULL AUTO_INCREMENT,
  `reg_name` varchar(225) COLLATE utf8_unicode_ci DEFAULT NULL,
  PRIMARY KEY (`reg_id`)
) ENGINE=InnoDB AUTO_INCREMENT=4 DEFAULT CHARSET=utf8 COLLATE=utf8_unicode_ci;
/*!40101 SET character_set_client = @saved_cs_client */;

--
-- Dumping data for table `tbl_region`
--

LOCK TABLES `tbl_region` WRITE;
/*!40000 ALTER TABLE `tbl_region` DISABLE KEYS */;
INSERT INTO `tbl_region` VALUES (1,'हीमाली(Mountain)'),(2,'पहाडी (Hilly)'),(3,'तराई (Terai)');
/*!40000 ALTER TABLE `tbl_region` ENABLE KEYS */;
UNLOCK TABLES;

--
-- Table structure for table `tbl_shop`
--

DROP TABLE IF EXISTS `tbl_shop`;
/*!40101 SET @saved_cs_client     = @@character_set_client */;
/*!40101 SET character_set_client = utf8 */;
CREATE TABLE `tbl_shop` (
  `shop_id` bigint(20) NOT NULL AUTO_INCREMENT,
  `shop_reg_id` int(11) NOT NULL,
  `shop_name` varchar(45) COLLATE utf8_unicode_ci DEFAULT NULL,
  `shop_address` varchar(225) COLLATE utf8_unicode_ci DEFAULT NULL,
  `shop_contact` varchar(45) COLLATE utf8_unicode_ci DEFAULT NULL,
  PRIMARY KEY (`shop_id`),
  KEY `fk_tbl_shop_tbl_region1_idx` (`shop_reg_id`),
  CONSTRAINT `FK14uij718j72t86d40aoq459qx` FOREIGN KEY (`shop_reg_id`) REFERENCES `tbl_region` (`reg_id`),
  CONSTRAINT `fk_tbl_shop_tbl_region1` FOREIGN KEY (`shop_reg_id`) REFERENCES `tbl_region` (`reg_id`) ON DELETE CASCADE ON UPDATE NO ACTION
) ENGINE=InnoDB AUTO_INCREMENT=7 DEFAULT CHARSET=utf8 COLLATE=utf8_unicode_ci;
/*!40101 SET character_set_client = @saved_cs_client */;

--
-- Dumping data for table `tbl_shop`
--

LOCK TABLES `tbl_shop` WRITE;
/*!40000 ALTER TABLE `tbl_shop` DISABLE KEYS */;
INSERT INTO `tbl_shop` VALUES (1,1,'खुम्बु एग्रिकल्चर संस्था','म्चेबजर 9,  सोलिख्हुम्बु','014266345'),(2,3,'यादव खग घर','आदर्शमार्ग, कोङ्रेस्स्चोक नारायणगद ११, चितवन, नेपाल','014331865'),(3,2,'काठमाडौं कृषि बिकास संस्था','लगन टोल 21, काठमाडौं,  नेपाल','014215958'),(4,1,'कफ्ले बीज भन्दार  ','मुक्तिनाथ 3,  मनाङ','9843838316'),(5,2,'दर्श सप्लायर','पुलिस चौकी, बालाजु २, काठमाडौं, नेपाल','014369801'),(6,3,'अर्यल सप्लायर','सिमेन्त रोड २, पसुपतिनगर हेटौंडा ९, मक्वन्पुर, नेपाल','9841414221');
/*!40000 ALTER TABLE `tbl_shop` ENABLE KEYS */;
UNLOCK TABLES;
/*!40103 SET TIME_ZONE=@OLD_TIME_ZONE */;

/*!40101 SET SQL_MODE=@OLD_SQL_MODE */;
/*!40014 SET FOREIGN_KEY_CHECKS=@OLD_FOREIGN_KEY_CHECKS */;
/*!40014 SET UNIQUE_CHECKS=@OLD_UNIQUE_CHECKS */;
/*!40101 SET CHARACTER_SET_CLIENT=@OLD_CHARACTER_SET_CLIENT */;
/*!40101 SET CHARACTER_SET_RESULTS=@OLD_CHARACTER_SET_RESULTS */;
/*!40101 SET COLLATION_CONNECTION=@OLD_COLLATION_CONNECTION */;
/*!40111 SET SQL_NOTES=@OLD_SQL_NOTES */;

-- Dump completed on 2018-01-06  0:26:44
